algorithm,framework,dataset,datatype,c_tile,a_tile,b_tile,i_tiles,mean_time,sd_time,valid
gemm,noarr-C_SCATTER_J_MAJOR-A_SCATTER_K_MAJOR-B_SCATTER_K_MAJOR,SMALL,FLOAT,C_TILE_J_MAJOR,A_TILE_K_MAJOR,B_TILE_J_MAJOR,2,0.000557372,2.32424e-06,1
gemm,noarr-C_SCATTER_I_MAJOR-A_SCATTER_I_MAJOR-B_SCATTER_K_MAJOR,MINI,FLOAT,C_TILE_J_MAJOR,A_TILE_K_MAJOR,B_TILE_K_MAJOR,2,7.80532e-05,1.67423e-06,1
gemm,noarr-C_SCATTER_J_MAJOR-A_SCATTER_I_MAJOR-B_SCATTER_J_MAJOR,MEDIUM,FLOAT,C_TILE_J_MAJOR,A_TILE_I_MAJOR,B_TILE_K_MAJOR,2,0.00755223,0.000453258,1
gemm,noarr-C_SCATTER_I_MAJOR-A_SCATTER_K_MAJOR-B_SCATTER_K_MAJOR,MEDIUM,FLOAT,C_TILE_I_MAJOR,A_TILE_I_MAJOR,B_TILE_K_MAJOR,2,0.0074016,0.000598953,1
gemm,noarr-C_SCATTER_I_MAJOR-A_SCATTER_K_MAJOR-B_SCATTER_K_MAJOR,MINI,FLOAT,C_TILE_J_MAJOR,A_TILE_I_MAJOR,B_TILE_J_MAJOR,2,0.000147219,6.97677e-06,1
gemm,noarr-C_SCATTER_I_MAJOR-A_SCATTER_K_MAJOR-B_SCATTER_J_MAJOR,MINI,FLOAT,C_TILE_I_MAJOR,A_TILE_I_MAJOR,B_TILE_J_MAJOR,2,0.000165439,1.06439e-05,1
gemm,noarr-C_SCATTER_J_MAJOR-A_SCATTER_K_MAJOR-B_SCATTER_J_MAJOR,LARGE,FLOAT,C_TILE_J_MAJOR,A_TILE_K_MAJOR,B_TILE_K_MAJOR,2,0.802765,0.0269183,1
gemm,noarr-C_SCATTER_J_MAJOR-A_SCATTER_K_MAJOR-B_SCATTER_K_MAJOR,LARGE,FLOAT,C_TILE_I_MAJOR,A_TILE_K_MAJOR,B_TILE_J_MAJOR,2,0.784715,0.0442976,1
gemm,noarr-C_SCATTER_I_MAJOR-A_SCATTER_I_MAJOR-B_SCATTER_K_MAJOR,SMALL,FLOAT,C_TILE_I_MAJOR,A_TILE_K_MAJOR,B_TILE_J_MAJOR,2,0.000357344,5.92337e-06,1
gemm,noarr-C_SCATTER_J_MAJOR-A_SCATTER_I_MAJOR-B_SCATTER_J_MAJOR,MEDIUM,FLOAT,C_TILE_J_MAJOR,A_TILE_K_MAJOR,B_TILE_J_MAJOR,2,0.00761285,0.000457064,1
gemm,noarr-C_SCATTER_I_MAJOR-A_SCATTER_K_MAJOR-B_SCATTER_J_MAJOR,LARGE,FLOAT,C_TILE_J_MAJOR,A_TILE_I_MAJOR,B_TILE_K_MAJOR,2,0.33951,0.00123746,1
gemm,noarr-C_SCATTER_I_MAJOR-A_SCATTER_K_MAJOR-B_SCATTER_K_MAJOR,MEDIUM,FLOAT,C_TILE_J_MAJOR,A_TILE_K_MAJOR,B_TILE_J_MAJOR,2,0.00730156,0.000105972,1
gemm,noarr-C_SCATTER_I_MAJOR-A_SCATTER_K_MAJOR-B_SCATTER_K_MAJOR,MEDIUM,FLOAT,C_TILE_I_MAJOR,A_TILE_K_MAJOR,B_TILE_K_MAJOR,2,0.00733613,0.000464725,1
gemm,noarr-C_SCATTER_J_MAJOR-A_SCATTER_K_MAJOR-B_SCATTER_K_MAJOR,MEDIUM,FLOAT,C_TILE_J_MAJOR,A_TILE_I_MAJOR,B_TILE_J_MAJOR,2,0.00818227,0.00045712,1
gemm,noarr-C_SCATTER_J_MAJOR-A_SCATTER_I_MAJOR-B_SCATTER_J_MAJOR,SMALL,FLOAT,C_TILE_I_MAJOR,A_TILE_I_MAJOR,B_TILE_K_MAJOR,2,0.000601433,6.55981e-05,1
gemm,noarr-C_SCATTER_I_MAJOR-A_SCATTER_I_MAJOR-B_SCATTER_J_MAJOR,MINI,FLOAT,C_TILE_I_MAJOR,A_TILE_K_MAJOR,B_TILE_K_MAJOR,2,0.000101842,2.93616e-06,1
gemm,noarr-C_SCATTER_J_MAJOR-A_SCATTER_K_MAJOR-B_SCATTER_J_MAJOR,MEDIUM,FLOAT,C_TILE_J_MAJOR,A_TILE_K_MAJOR,B_TILE_K_MAJOR,2,0.00883934,0.000455552,1
gemm,noarr-C_SCATTER_I_MAJOR-A_SCATTER_I_MAJOR-B_SCATTER_J_MAJOR,MEDIUM,FLOAT,C_TILE_J_MAJOR,A_TILE_I_MAJOR,B_TILE_K_MAJOR,2,0.00669961,0.000474736,1
gemm,noarr-C_SCATTER_J_MAJOR-A_SCATTER_K_MAJOR-B_SCATTER_K_MAJOR,MEDIUM,FLOAT,C_TILE_J_MAJOR,A_TILE_K_MAJOR,B_TILE_K_MAJOR,2,0.00817629,0.000449387,1
gemm,noarr-C_SCATTER_I_MAJOR-A_SCATTER_K_MAJOR-B_SCATTER_J_MAJOR,MEDIUM,FLOAT,C_TILE_J_MAJOR,A_TILE_K_MAJOR,B_TILE_J_MAJOR,2,0.00790109,0.000457042,1
gemm,noarr-C_SCATTER_I_MAJOR-A_SCATTER_I_MAJOR-B_SCATTER_K_MAJOR,MEDIUM,FLOAT,C_TILE_I_MAJOR,A_TILE_K_MAJOR,B_TILE_J_MAJOR,2,0.00611051,8.09394e-05,1
gemm,noarr-C_SCATTER_I_MAJOR-A_SCATTER_K_MAJOR-B_SCATTER_J_MAJOR,MEDIUM,FLOAT,C_TILE_I_MAJOR,A_TILE_K_MAJOR,B_TILE_K_MAJOR,2,0.00800229,0.000451888,1
gemm,noarr-C_SCATTER_J_MAJOR-A_SCATTER_K_MAJOR-B_SCATTER_J_MAJOR,MEDIUM,FLOAT,C_TILE_I_MAJOR,A_TILE_K_MAJOR,B_TILE_J_MAJOR,2,0.00872735,0.000459898,1
gemm,noarr-C_SCATTER_J_MAJOR-A_SCATTER_K_MAJOR-B_SCATTER_J_MAJOR,LARGE,FLOAT,C_TILE_J_MAJOR,A_TILE_I_MAJOR,B_TILE_K_MAJOR,2,0.343099,0.00125309,1
gemm,noarr-C_SCATTER_I_MAJOR-A_SCATTER_K_MAJOR-B_SCATTER_K_MAJOR,LARGE,FLOAT,C_TILE_I_MAJOR,A_TILE_I_MAJOR,B_TILE_K_MAJOR,2,0.323928,0.00161752,1
gemm,noarr-C_SCATTER_I_MAJOR-A_SCATTER_K_MAJOR-B_SCATTER_K_MAJOR,MINI,FLOAT,C_TILE_J_MAJOR,A_TILE_K_MAJOR,B_TILE_K_MAJOR,2,0.000135965,3.56368e-06,1
gemm,noarr-C_SCATTER_J_MAJOR-A_SCATTER_K_MAJOR-B_SCATTER_J_MAJOR,MINI,FLOAT,C_TILE_I_MAJOR,A_TILE_K_MAJOR,B_TILE_J_MAJOR,2,0.000189628,4.75419e-06,1
gemm,noarr-C_SCATTER_I_MAJOR-A_SCATTER_I_MAJOR-B_SCATTER_K_MAJOR,SMALL,FLOAT,C_TILE_J_MAJOR,A_TILE_K_MAJOR,B_TILE_K_MAJOR,2,0.000345882,1.25676e-05,1
gemm,noarr-C_SCATTER_J_MAJOR-A_SCATTER_K_MAJOR-B_SCATTER_J_MAJOR,MEDIUM,FLOAT,C_TILE_I_MAJOR,A_TILE_I_MAJOR,B_TILE_J_MAJOR,2,0.00880102,0.00045275,1
gemm,noarr-C_SCATTER_I_MAJOR-A_SCATTER_I_MAJOR-B_SCATTER_K_MAJOR,MEDIUM,FLOAT,C_TILE_I_MAJOR,A_TILE_I_MAJOR,B_TILE_K_MAJOR,2,0.00591916,9.79645e-05,1
gemm,noarr-C_SCATTER_I_MAJOR-A_SCATTER_K_MAJOR-B_SCATTER_J_MAJOR,LARGE,FLOAT,C_TILE_I_MAJOR,A_TILE_K_MAJOR,B_TILE_K_MAJOR,2,0.779608,0.00747097,1
gemm,noarr-C_SCATTER_I_MAJOR-A_SCATTER_K_MAJOR-B_SCATTER_K_MAJOR,MINI,FLOAT,C_TILE_J_MAJOR,A_TILE_I_MAJOR,B_TILE_K_MAJOR,2,0.000148786,2.16887e-05,1
gemm,noarr-C_SCATTER_J_MAJOR-A_SCATTER_K_MAJOR-B_SCATTER_J_MAJOR,MINI,FLOAT,C_TILE_J_MAJOR,A_TILE_K_MAJOR,B_TILE_K_MAJOR,2,0.000188235,3.25572e-06,1
gemm,noarr-C_SCATTER_J_MAJOR-A_SCATTER_I_MAJOR-B_SCATTER_J_MAJOR,MINI,FLOAT,C_TILE_J_MAJOR,A_TILE_K_MAJOR,B_TILE_K_MAJOR,2,0.0001281,9.39859e-06,1
gemm,noarr-C_SCATTER_I_MAJOR-A_SCATTER_K_MAJOR-B_SCATTER_K_MAJOR,MEDIUM,FLOAT,C_TILE_J_MAJOR,A_TILE_I_MAJOR,B_TILE_J_MAJOR,2,0.00733142,6.02224e-05,1
gemm,noarr-C_SCATTER_J_MAJOR-A_SCATTER_I_MAJOR-B_SCATTER_K_MAJOR,LARGE,FLOAT,C_TILE_J_MAJOR,A_TILE_I_MAJOR,B_TILE_J_MAJOR,2,0.299779,0.00148722,1
gemm,noarr-C_SCATTER_I_MAJOR-A_SCATTER_I_MAJOR-B_SCATTER_J_MAJOR,MEDIUM,FLOAT,C_TILE_J_MAJOR,A_TILE_K_MAJOR,B_TILE_K_MAJOR,2,0.0069023,0.000459976,1
gemm,noarr-C_SCATTER_J_MAJOR-A_SCATTER_I_MAJOR-B_SCATTER_J_MAJOR,MEDIUM,FLOAT,C_TILE_I_MAJOR,A_TILE_I_MAJOR,B_TILE_J_MAJOR,2,0.00751887,0.000454383,1
gemm,noarr-C_SCATTER_J_MAJOR-A_SCATTER_K_MAJOR-B_SCATTER_K_MAJOR,SMALL,FLOAT,C_TILE_I_MAJOR,A_TILE_K_MAJOR,B_TILE_J_MAJOR,2,0.00056306,3.04703e-06,1
gemm,noarr-C_SCATTER_J_MAJOR-A_SCATTER_I_MAJOR-B_SCATTER_K_MAJOR,MINI,FLOAT,C_TILE_I_MAJOR,A_TILE_I_MAJOR,B_TILE_J_MAJOR,2,0.000108445,9.68414e-06,1
gemm,noarr-C_SCATTER_J_MAJOR-A_SCATTER_K_MAJOR-B_SCATTER_J_MAJOR,MINI,FLOAT,C_TILE_I_MAJOR,A_TILE_K_MAJOR,B_TILE_K_MAJOR,2,0.000190421,3.25261e-06,1
gemm,noarr-C_SCATTER_J_MAJOR-A_SCATTER_K_MAJOR-B_SCATTER_J_MAJOR,MEDIUM,FLOAT,C_TILE_I_MAJOR,A_TILE_K_MAJOR,B_TILE_K_MAJOR,2,0.00886757,0.000446387,1
gemm,noarr-C_SCATTER_I_MAJOR-A_SCATTER_K_MAJOR-B_SCATTER_J_MAJOR,SMALL,FLOAT,C_TILE_I_MAJOR,A_TILE_K_MAJOR,B_TILE_J_MAJOR,2,0.00064425,8.01204e-05,1
gemm,noarr-C_SCATTER_J_MAJOR-A_SCATTER_K_MAJOR-B_SCATTER_J_MAJOR,MINI,FLOAT,C_TILE_J_MAJOR,A_TILE_I_MAJOR,B_TILE_J_MAJOR,2,0.000189531,2.72166e-06,1
gemm,noarr-C_SCATTER_I_MAJOR-A_SCATTER_I_MAJOR-B_SCATTER_K_MAJOR,SMALL,FLOAT,C_TILE_J_MAJOR,A_TILE_I_MAJOR,B_TILE_J_MAJOR,2,0.000362941,7.07635e-06,1
gemm,noarr-C_SCATTER_J_MAJOR-A_SCATTER_I_MAJOR-B_SCATTER_K_MAJOR,SMALL,FLOAT,C_TILE_J_MAJOR,A_TILE_I_MAJOR,B_TILE_K_MAJOR,2,0.000415583,1.14368e-05,1
gemm,noarr-C_SCATTER_I_MAJOR-A_SCATTER_I_MAJOR-B_SCATTER_K_MAJOR,SMALL,FLOAT,C_TILE_J_MAJOR,A_TILE_I_MAJOR,B_TILE_K_MAJOR,2,0.00033756,4.09869e-06,1
gemm,noarr-C_SCATTER_I_MAJOR-A_SCATTER_I_MAJOR-B_SCATTER_J_MAJOR,SMALL,FLOAT,C_TILE_I_MAJOR,A_TILE_K_MAJOR,B_TILE_J_MAJOR,2,0.000505946,5.57283e-05,1
gemm,noarr-C_SCATTER_I_MAJOR-A_SCATTER_K_MAJOR-B_SCATTER_J_MAJOR,MINI,FLOAT,C_TILE_J_MAJOR,A_TILE_I_MAJOR,B_TILE_K_MAJOR,2,0.000171279,3.44265e-06,1
gemm,noarr-C_SCATTER_I_MAJOR-A_SCATTER_K_MAJOR-B_SCATTER_K_MAJOR,SMALL,FLOAT,C_TILE_I_MAJOR,A_TILE_K_MAJOR,B_TILE_K_MAJOR,2,0.000451817,6.48806e-06,1
gemm,noarr-C_SCATTER_I_MAJOR-A_SCATTER_K_MAJOR-B_SCATTER_K_MAJOR,MINI,FLOAT,C_TILE_J_MAJOR,A_TILE_K_MAJOR,B_TILE_J_MAJOR,2,0.000143828,4.96552e-06,1
gemm,noarr-C_SCATTER_I_MAJOR-A_SCATTER_I_MAJOR-B_SCATTER_J_MAJOR,MINI,FLOAT,C_TILE_J_MAJOR,A_TILE_I_MAJOR,B_TILE_J_MAJOR,2,9.809e-05,2.91461e-06,1
gemm,noarr-C_SCATTER_I_MAJOR-A_SCATTER_I_MAJOR-B_SCATTER_K_MAJOR,LARGE,FLOAT,C_TILE_J_MAJOR,A_TILE_K_MAJOR,B_TILE_J_MAJOR,2,0.714525,0.00584127,1
gemm,noarr-C_SCATTER_J_MAJOR-A_SCATTER_I_MAJOR-B_SCATTER_J_MAJOR,LARGE,FLOAT,C_TILE_I_MAJOR,A_TILE_K_MAJOR,B_TILE_K_MAJOR,2,0.766855,0.00159907,1
gemm,noarr-C_SCATTER_J_MAJOR-A_SCATTER_I_MAJOR-B_SCATTER_J_MAJOR,SMALL,FLOAT,C_TILE_I_MAJOR,A_TILE_K_MAJOR,B_TILE_K_MAJOR,2,0.000584208,3.13383e-06,1
gemm,noarr-C_SCATTER_I_MAJOR-A_SCATTER_I_MAJOR-B_SCATTER_K_MAJOR,MEDIUM,FLOAT,C_TILE_J_MAJOR,A_TILE_K_MAJOR,B_TILE_J_MAJOR,2,0.00622022,0.000151714,1
gemm,noarr-C_SCATTER_I_MAJOR-A_SCATTER_I_MAJOR-B_SCATTER_J_MAJOR,MINI,FLOAT,C_TILE_I_MAJOR,A_TILE_I_MAJOR,B_TILE_J_MAJOR,2,9.43559e-05,3.37109e-06,1
gemm,noarr-C_SCATTER_I_MAJOR-A_SCATTER_I_MAJOR-B_SCATTER_K_MAJOR,MEDIUM,FLOAT,C_TILE_I_MAJOR,A_TILE_I_MAJOR,B_TILE_J_MAJOR,2,0.00599674,8.10961e-05,1
gemm,noarr-C_SCATTER_J_MAJOR-A_SCATTER_K_MAJOR-B_SCATTER_J_MAJOR,SMALL,FLOAT,C_TILE_I_MAJOR,A_TILE_I_MAJOR,B_TILE_K_MAJOR,2,0.000730417,3.6161e-05,1
gemm,noarr-C_SCATTER_J_MAJOR-A_SCATTER_K_MAJOR-B_SCATTER_K_MAJOR,MINI,FLOAT,C_TILE_J_MAJOR,A_TILE_K_MAJOR,B_TILE_J_MAJOR,2,0.000171112,1.13512e-05,1
gemm,noarr-C_SCATTER_I_MAJOR-A_SCATTER_K_MAJOR-B_SCATTER_K_MAJOR,SMALL,FLOAT,C_TILE_J_MAJOR,A_TILE_K_MAJOR,B_TILE_K_MAJOR,2,0.000459298,4.46824e-06,1
gemm,noarr-C_SCATTER_I_MAJOR-A_SCATTER_I_MAJOR-B_SCATTER_K_MAJOR,SMALL,FLOAT,C_TILE_J_MAJOR,A_TILE_K_MAJOR,B_TILE_J_MAJOR,2,0.000382801,7.32875e-05,1
gemm,noarr-C_SCATTER_I_MAJOR-A_SCATTER_K_MAJOR-B_SCATTER_J_MAJOR,MEDIUM,FLOAT,C_TILE_I_MAJOR,A_TILE_I_MAJOR,B_TILE_J_MAJOR,2,0.007914,0.000452608,1
gemm,noarr-C_SCATTER_J_MAJOR-A_SCATTER_K_MAJOR-B_SCATTER_J_MAJOR,MINI,FLOAT,C_TILE_I_MAJOR,A_TILE_I_MAJOR,B_TILE_J_MAJOR,2,0.000190226,3.00089e-06,1
gemm,noarr-C_SCATTER_I_MAJOR-A_SCATTER_K_MAJOR-B_SCATTER_J_MAJOR,SMALL,FLOAT,C_TILE_I_MAJOR,A_TILE_I_MAJOR,B_TILE_K_MAJOR,2,0.000647697,7.75709e-05,1
gemm,noarr-C_SCATTER_J_MAJOR-A_SCATTER_I_MAJOR-B_SCATTER_K_MAJOR,SMALL,FLOAT,C_TILE_J_MAJOR,A_TILE_K_MAJOR,B_TILE_K_MAJOR,2,0.000421352,3.65563e-05,1
gemm,noarr-C_SCATTER_J_MAJOR-A_SCATTER_K_MAJOR-B_SCATTER_K_MAJOR,LARGE,FLOAT,C_TILE_J_MAJOR,A_TILE_I_MAJOR,B_TILE_J_MAJOR,2,0.322539,0.00180507,1
gemm,noarr-C_SCATTER_J_MAJOR-A_SCATTER_I_MAJOR-B_SCATTER_J_MAJOR,MINI,FLOAT,C_TILE_I_MAJOR,A_TILE_K_MAJOR,B_TILE_K_MAJOR,2,0.000134165,1.72109e-05,1
gemm,noarr-C_SCATTER_I_MAJOR-A_SCATTER_K_MAJOR-B_SCATTER_J_MAJOR,SMALL,FLOAT,C_TILE_J_MAJOR,A_TILE_K_MAJOR,B_TILE_K_MAJOR,2,0.00063817,2.34763e-05,1
gemm,noarr-C_SCATTER_J_MAJOR-A_SCATTER_K_MAJOR-B_SCATTER_K_MAJOR,SMALL,FLOAT,C_TILE_I_MAJOR,A_TILE_K_MAJOR,B_TILE_K_MAJOR,2,0.000554619,3.78221e-05,1
gemm,noarr-C_SCATTER_J_MAJOR-A_SCATTER_K_MAJOR-B_SCATTER_J_MAJOR,MEDIUM,FLOAT,C_TILE_J_MAJOR,A_TILE_I_MAJOR,B_TILE_K_MAJOR,2,0.00885514,0.000455974,1
gemm,noarr-C_SCATTER_I_MAJOR-A_SCATTER_K_MAJOR-B_SCATTER_K_MAJOR,MEDIUM,FLOAT,C_TILE_J_MAJOR,A_TILE_I_MAJOR,B_TILE_K_MAJOR,2,0.00732367,0.000463942,1
gemm,noarr-C_SCATTER_I_MAJOR-A_SCATTER_K_MAJOR-B_SCATTER_K_MAJOR,LARGE,FLOAT,C_TILE_I_MAJOR,A_TILE_K_MAJOR,B_TILE_K_MAJOR,2,0.766958,0.00808934,1
gemm,noarr-C_SCATTER_J_MAJOR-A_SCATTER_I_MAJOR-B_SCATTER_K_MAJOR,MEDIUM,FLOAT,C_TILE_I_MAJOR,A_TILE_K_MAJOR,B_TILE_J_MAJOR,2,0.00710566,0.000479658,1
gemm,noarr-C_SCATTER_J_MAJOR-A_SCATTER_K_MAJOR-B_SCATTER_J_MAJOR,SMALL,FLOAT,C_TILE_J_MAJOR,A_TILE_I_MAJOR,B_TILE_K_MAJOR,2,0.000733164,7.12749e-05,1
gemm,noarr-C_SCATTER_I_MAJOR-A_SCATTER_I_MAJOR-B_SCATTER_J_MAJOR,MINI,FLOAT,C_TILE_I_MAJOR,A_TILE_K_MAJOR,B_TILE_J_MAJOR,2,0.000106147,1.96225e-05,1
gemm,noarr-C_SCATTER_J_MAJOR-A_SCATTER_K_MAJOR-B_SCATTER_K_MAJOR,MINI,FLOAT,C_TILE_I_MAJOR,A_TILE_K_MAJOR,B_TILE_K_MAJOR,2,0.000164658,6.65123e-06,1
gemm,noarr-C_SCATTER_I_MAJOR-A_SCATTER_I_MAJOR-B_SCATTER_J_MAJOR,MINI,FLOAT,C_TILE_J_MAJOR,A_TILE_I_MAJOR,B_TILE_K_MAJOR,2,0.00010533,3.58082e-06,1
gemm,noarr-C_SCATTER_J_MAJOR-A_SCATTER_I_MAJOR-B_SCATTER_J_MAJOR,MINI,FLOAT,C_TILE_I_MAJOR,A_TILE_K_MAJOR,B_TILE_J_MAJOR,2,0.000130284,1.21018e-05,1
gemm,noarr-C_SCATTER_J_MAJOR-A_SCATTER_I_MAJOR-B_SCATTER_K_MAJOR,LARGE,FLOAT,C_TILE_J_MAJOR,A_TILE_K_MAJOR,B_TILE_K_MAJOR,2,0.769748,0.0232529,1
gemm,noarr-C_SCATTER_I_MAJOR-A_SCATTER_I_MAJOR-B_SCATTER_K_MAJOR,MINI,FLOAT,C_TILE_J_MAJOR,A_TILE_I_MAJOR,B_TILE_J_MAJOR,2,7.92749e-05,6.46046e-06,1
gemm,noarr-C_SCATTER_I_MAJOR-A_SCATTER_K_MAJOR-B_SCATTER_K_MAJOR,SMALL,FLOAT,C_TILE_I_MAJOR,A_TILE_K_MAJOR,B_TILE_J_MAJOR,2,0.000496076,2.55832e-05,1
gemm,noarr-C_SCATTER_I_MAJOR-A_SCATTER_I_MAJOR-B_SCATTER_K_MAJOR,MINI,FLOAT,C_TILE_J_MAJOR,A_TILE_K_MAJOR,B_TILE_J_MAJOR,2,8.66644e-05,5.27823e-06,1
gemm,noarr-C_SCATTER_I_MAJOR-A_SCATTER_K_MAJOR-B_SCATTER_J_MAJOR,MINI,FLOAT,C_TILE_J_MAJOR,A_TILE_K_MAJOR,B_TILE_K_MAJOR,2,0.000169104,5.20894e-06,1
gemm,noarr-C_SCATTER_J_MAJOR-A_SCATTER_K_MAJOR-B_SCATTER_K_MAJOR,MINI,FLOAT,C_TILE_I_MAJOR,A_TILE_I_MAJOR,B_TILE_J_MAJOR,2,0.000173468,1.03517e-05,1
gemm,noarr-C_SCATTER_I_MAJOR-A_SCATTER_K_MAJOR-B_SCATTER_J_MAJOR,MEDIUM,FLOAT,C_TILE_I_MAJOR,A_TILE_K_MAJOR,B_TILE_J_MAJOR,2,0.00783938,0.000456682,1
gemm,noarr-C_SCATTER_J_MAJOR-A_SCATTER_K_MAJOR-B_SCATTER_J_MAJOR,LARGE,FLOAT,C_TILE_I_MAJOR,A_TILE_I_MAJOR,B_TILE_K_MAJOR,2,0.343032,0.00142969,1
gemm,noarr-C_SCATTER_J_MAJOR-A_SCATTER_I_MAJOR-B_SCATTER_K_MAJOR,MINI,FLOAT,C_TILE_J_MAJOR,A_TILE_K_MAJOR,B_TILE_K_MAJOR,2,0.00010233,3.33575e-06,1
gemm,noarr-C_SCATTER_I_MAJOR-A_SCATTER_K_MAJOR-B_SCATTER_J_MAJOR,MINI,FLOAT,C_TILE_J_MAJOR,A_TILE_I_MAJOR,B_TILE_J_MAJOR,2,0.000165452,4.14722e-06,1
gemm,noarr-C_SCATTER_I_MAJOR-A_SCATTER_K_MAJOR-B_SCATTER_K_MAJOR,SMALL,FLOAT,C_TILE_J_MAJOR,A_TILE_I_MAJOR,B_TILE_J_MAJOR,2,0.000495411,9.78711e-06,1
gemm,noarr-C_SCATTER_I_MAJOR-A_SCATTER_I_MAJOR-B_SCATTER_K_MAJOR,SMALL,FLOAT,C_TILE_I_MAJOR,A_TILE_I_MAJOR,B_TILE_J_MAJOR,2,0.000354215,5.07709e-06,1
gemm,noarr-C_SCATTER_J_MAJOR-A_SCATTER_I_MAJOR-B_SCATTER_J_MAJOR,LARGE,FLOAT,C_TILE_J_MAJOR,A_TILE_K_MAJOR,B_TILE_K_MAJOR,2,0.77278,0.00781923,1
gemm,noarr-C_SCATTER_J_MAJOR-A_SCATTER_I_MAJOR-B_SCATTER_K_MAJOR,MINI,FLOAT,C_TILE_J_MAJOR,A_TILE_I_MAJOR,B_TILE_K_MAJOR,2,9.99206e-05,3.59435e-06,1
gemm,noarr-C_SCATTER_J_MAJOR-A_SCATTER_I_MAJOR-B_SCATTER_J_MAJOR,LARGE,FLOAT,C_TILE_I_MAJOR,A_TILE_I_MAJOR,B_TILE_J_MAJOR,2,0.307588,0.00110432,1
gemm,noarr-C_SCATTER_J_MAJOR-A_SCATTER_K_MAJOR-B_SCATTER_J_MAJOR,SMALL,FLOAT,C_TILE_J_MAJOR,A_TILE_I_MAJOR,B_TILE_J_MAJOR,2,0.000708553,4.59857e-06,1
gemm,noarr-C_SCATTER_J_MAJOR-A_SCATTER_I_MAJOR-B_SCATTER_J_MAJOR,LARGE,FLOAT,C_TILE_I_MAJOR,A_TILE_K_MAJOR,B_TILE_J_MAJOR,2,0.732256,0.0178513,1
gemm,noarr-C_SCATTER_J_MAJOR-A_SCATTER_I_MAJOR-B_SCATTER_J_MAJOR,LARGE,FLOAT,C_TILE_J_MAJOR,A_TILE_I_MAJOR,B_TILE_J_MAJOR,2,0.309431,0.00118314,1
gemm,noarr-C_SCATTER_J_MAJOR-A_SCATTER_K_MAJOR-B_SCATTER_J_MAJOR,MINI,FLOAT,C_TILE_J_MAJOR,A_TILE_K_MAJOR,B_TILE_J_MAJOR,2,0.000191619,1.16717e-05,1
gemm,noarr-C_SCATTER_J_MAJOR-A_SCATTER_I_MAJOR-B_SCATTER_K_MAJOR,MEDIUM,FLOAT,C_TILE_J_MAJOR,A_TILE_I_MAJOR,B_TILE_J_MAJOR,2,0.00689287,0.000470444,1
gemm,noarr-C_SCATTER_J_MAJOR-A_SCATTER_I_MAJOR-B_SCATTER_J_MAJOR,MEDIUM,FLOAT,C_TILE_I_MAJOR,A_TILE_I_MAJOR,B_TILE_K_MAJOR,2,0.00757575,0.000454001,1
gemm,noarr-C_SCATTER_I_MAJOR-A_SCATTER_K_MAJOR-B_SCATTER_J_MAJOR,LARGE,FLOAT,C_TILE_J_MAJOR,A_TILE_I_MAJOR,B_TILE_J_MAJOR,2,0.329258,0.00204759,1
gemm,noarr-C_SCATTER_I_MAJOR-A_SCATTER_K_MAJOR-B_SCATTER_J_MAJOR,LARGE,FLOAT,C_TILE_I_MAJOR,A_TILE_I_MAJOR,B_TILE_J_MAJOR,2,0.322689,0.00192059,1
gemm,noarr-C_SCATTER_I_MAJOR-A_SCATTER_I_MAJOR-B_SCATTER_J_MAJOR,LARGE,FLOAT,C_TILE_I_MAJOR,A_TILE_I_MAJOR,B_TILE_K_MAJOR,2,0.311925,0.00137222,1
gemm,noarr-C_SCATTER_I_MAJOR-A_SCATTER_K_MAJOR-B_SCATTER_K_MAJOR,LARGE,FLOAT,C_TILE_J_MAJOR,A_TILE_I_MAJOR,B_TILE_J_MAJOR,2,0.318868,0.00144082,1
gemm,noarr-C_SCATTER_I_MAJOR-A_SCATTER_I_MAJOR-B_SCATTER_J_MAJOR,MINI,FLOAT,C_TILE_J_MAJOR,A_TILE_K_MAJOR,B_TILE_K_MAJOR,2,0.000105571,3.3022e-06,1
gemm,noarr-C_SCATTER_J_MAJOR-A_SCATTER_I_MAJOR-B_SCATTER_J_MAJOR,LARGE,FLOAT,C_TILE_J_MAJOR,A_TILE_I_MAJOR,B_TILE_K_MAJOR,2,0.320429,0.00170194,1
gemm,noarr-C_SCATTER_J_MAJOR-A_SCATTER_K_MAJOR-B_SCATTER_K_MAJOR,SMALL,FLOAT,C_TILE_J_MAJOR,A_TILE_I_MAJOR,B_TILE_J_MAJOR,2,0.000560803,2.71345e-06,1
gemm,noarr-C_SCATTER_I_MAJOR-A_SCATTER_I_MAJOR-B_SCATTER_J_MAJOR,MEDIUM,FLOAT,C_TILE_I_MAJOR,A_TILE_K_MAJOR,B_TILE_K_MAJOR,2,0.00689249,0.00044587,1
gemm,noarr-C_SCATTER_I_MAJOR-A_SCATTER_K_MAJOR-B_SCATTER_K_MAJOR,MINI,FLOAT,C_TILE_I_MAJOR,A_TILE_I_MAJOR,B_TILE_K_MAJOR,2,0.000137728,3.21436e-06,1
gemm,noarr-C_SCATTER_I_MAJOR-A_SCATTER_K_MAJOR-B_SCATTER_J_MAJOR,SMALL,FLOAT,C_TILE_I_MAJOR,A_TILE_I_MAJOR,B_TILE_J_MAJOR,2,0.000615819,4.43908e-06,1
gemm,noarr-C_SCATTER_I_MAJOR-A_SCATTER_I_MAJOR-B_SCATTER_J_MAJOR,LARGE,FLOAT,C_TILE_J_MAJOR,A_TILE_K_MAJOR,B_TILE_K_MAJOR,2,0.770844,0.0144083,1
gemm,noarr-C_SCATTER_J_MAJOR-A_SCATTER_I_MAJOR-B_SCATTER_J_MAJOR,MEDIUM,FLOAT,C_TILE_J_MAJOR,A_TILE_K_MAJOR,B_TILE_K_MAJOR,2,0.00772776,0.000455503,1
gemm,noarr-C_SCATTER_J_MAJOR-A_SCATTER_I_MAJOR-B_SCATTER_J_MAJOR,MEDIUM,FLOAT,C_TILE_I_MAJOR,A_TILE_K_MAJOR,B_TILE_J_MAJOR,2,0.00763494,0.000463032,1
gemm,noarr-C_SCATTER_J_MAJOR-A_SCATTER_K_MAJOR-B_SCATTER_K_MAJOR,LARGE,FLOAT,C_TILE_I_MAJOR,A_TILE_I_MAJOR,B_TILE_J_MAJOR,2,0.321442,0.00186525,1
gemm,noarr-C_SCATTER_J_MAJOR-A_SCATTER_K_MAJOR-B_SCATTER_J_MAJOR,SMALL,FLOAT,C_TILE_I_MAJOR,A_TILE_K_MAJOR,B_TILE_K_MAJOR,2,0.000729631,6.38074e-05,1
gemm,noarr-C_SCATTER_J_MAJOR-A_SCATTER_I_MAJOR-B_SCATTER_J_MAJOR,LARGE,FLOAT,C_TILE_J_MAJOR,A_TILE_K_MAJOR,B_TILE_J_MAJOR,2,0.746886,0.0153025,1
gemm,noarr-C_SCATTER_I_MAJOR-A_SCATTER_K_MAJOR-B_SCATTER_K_MAJOR,MINI,FLOAT,C_TILE_I_MAJOR,A_TILE_K_MAJOR,B_TILE_J_MAJOR,2,0.000140267,4.29194e-06,1
gemm,noarr-C_SCATTER_I_MAJOR-A_SCATTER_I_MAJOR-B_SCATTER_K_MAJOR,MINI,FLOAT,C_TILE_J_MAJOR,A_TILE_I_MAJOR,B_TILE_K_MAJOR,2,7.35684e-05,3.1715e-06,1
gemm,noarr-C_SCATTER_J_MAJOR-A_SCATTER_K_MAJOR-B_SCATTER_J_MAJOR,LARGE,FLOAT,C_TILE_I_MAJOR,A_TILE_I_MAJOR,B_TILE_J_MAJOR,2,0.330888,0.00124625,1
gemm,noarr-C_SCATTER_I_MAJOR-A_SCATTER_I_MAJOR-B_SCATTER_K_MAJOR,MEDIUM,FLOAT,C_TILE_J_MAJOR,A_TILE_I_MAJOR,B_TILE_J_MAJOR,2,0.0060666,9.66491e-05,1
gemm,noarr-C_SCATTER_J_MAJOR-A_SCATTER_I_MAJOR-B_SCATTER_K_MAJOR,SMALL,FLOAT,C_TILE_I_MAJOR,A_TILE_I_MAJOR,B_TILE_J_MAJOR,2,0.000436045,3.41999e-06,1
gemm,noarr-C_SCATTER_J_MAJOR-A_SCATTER_K_MAJOR-B_SCATTER_J_MAJOR,SMALL,FLOAT,C_TILE_J_MAJOR,A_TILE_K_MAJOR,B_TILE_K_MAJOR,2,0.000711664,1.56937e-05,1
gemm,noarr-C_SCATTER_I_MAJOR-A_SCATTER_I_MAJOR-B_SCATTER_J_MAJOR,LARGE,FLOAT,C_TILE_J_MAJOR,A_TILE_I_MAJOR,B_TILE_J_MAJOR,2,0.305306,0.00128893,1
gemm,noarr-C_SCATTER_I_MAJOR-A_SCATTER_K_MAJOR-B_SCATTER_J_MAJOR,MINI,FLOAT,C_TILE_I_MAJOR,A_TILE_K_MAJOR,B_TILE_J_MAJOR,2,0.00016256,1.26053e-05,1
gemm,noarr-C_SCATTER_J_MAJOR-A_SCATTER_I_MAJOR-B_SCATTER_J_MAJOR,MEDIUM,FLOAT,C_TILE_I_MAJOR,A_TILE_K_MAJOR,B_TILE_K_MAJOR,2,0.00776391,0.000448699,1
gemm,noarr-C_SCATTER_I_MAJOR-A_SCATTER_I_MAJOR-B_SCATTER_K_MAJOR,LARGE,FLOAT,C_TILE_I_MAJOR,A_TILE_K_MAJOR,B_TILE_J_MAJOR,2,0.716167,0.0120548,1
gemm,noarr-C_SCATTER_J_MAJOR-A_SCATTER_I_MAJOR-B_SCATTER_K_MAJOR,LARGE,FLOAT,C_TILE_I_MAJOR,A_TILE_I_MAJOR,B_TILE_J_MAJOR,2,0.298399,0.00132594,1
gemm,noarr-C_SCATTER_J_MAJOR-A_SCATTER_K_MAJOR-B_SCATTER_K_MAJOR,MINI,FLOAT,C_TILE_J_MAJOR,A_TILE_I_MAJOR,B_TILE_K_MAJOR,2,0.000168938,1.79819e-05,1
gemm,noarr-C_SCATTER_J_MAJOR-A_SCATTER_I_MAJOR-B_SCATTER_K_MAJOR,MEDIUM,FLOAT,C_TILE_I_MAJOR,A_TILE_I_MAJOR,B_TILE_J_MAJOR,2,0.00694991,0.00045454,1
gemm,noarr-C_SCATTER_I_MAJOR-A_SCATTER_I_MAJOR-B_SCATTER_K_MAJOR,MEDIUM,FLOAT,C_TILE_J_MAJOR,A_TILE_I_MAJOR,B_TILE_K_MAJOR,2,0.00598935,9.66211e-05,1
gemm,noarr-C_SCATTER_J_MAJOR-A_SCATTER_I_MAJOR-B_SCATTER_J_MAJOR,MINI,FLOAT,C_TILE_I_MAJOR,A_TILE_I_MAJOR,B_TILE_J_MAJOR,2,0.000129709,1.51289e-05,1
gemm,noarr-C_SCATTER_I_MAJOR-A_SCATTER_I_MAJOR-B_SCATTER_K_MAJOR,MINI,FLOAT,C_TILE_I_MAJOR,A_TILE_I_MAJOR,B_TILE_K_MAJOR,2,6.89394e-05,2.71294e-06,1
gemm,noarr-C_SCATTER_I_MAJOR-A_SCATTER_I_MAJOR-B_SCATTER_J_MAJOR,LARGE,FLOAT,C_TILE_J_MAJOR,A_TILE_K_MAJOR,B_TILE_J_MAJOR,2,0.728022,0.0224828,1
gemm,noarr-C_SCATTER_I_MAJOR-A_SCATTER_K_MAJOR-B_SCATTER_K_MAJOR,MEDIUM,FLOAT,C_TILE_I_MAJOR,A_TILE_I_MAJOR,B_TILE_J_MAJOR,2,0.00728962,0.000129014,1
gemm,noarr-C_SCATTER_I_MAJOR-A_SCATTER_K_MAJOR-B_SCATTER_J_MAJOR,SMALL,FLOAT,C_TILE_J_MAJOR,A_TILE_I_MAJOR,B_TILE_J_MAJOR,2,0.000648981,0.00010592,1
gemm,noarr-C_SCATTER_J_MAJOR-A_SCATTER_K_MAJOR-B_SCATTER_K_MAJOR,MINI,FLOAT,C_TILE_I_MAJOR,A_TILE_K_MAJOR,B_TILE_J_MAJOR,2,0.000174523,1.68471e-05,1
gemm,noarr-C_SCATTER_I_MAJOR-A_SCATTER_K_MAJOR-B_SCATTER_J_MAJOR,LARGE,FLOAT,C_TILE_J_MAJOR,A_TILE_K_MAJOR,B_TILE_K_MAJOR,2,0.872958,0.0238024,1
gemm,noarr-C_SCATTER_I_MAJOR-A_SCATTER_I_MAJOR-B_SCATTER_J_MAJOR,MEDIUM,FLOAT,C_TILE_I_MAJOR,A_TILE_K_MAJOR,B_TILE_J_MAJOR,2,0.00674698,0.000453845,1
gemm,noarr-C_SCATTER_J_MAJOR-A_SCATTER_K_MAJOR-B_SCATTER_K_MAJOR,MINI,FLOAT,C_TILE_J_MAJOR,A_TILE_K_MAJOR,B_TILE_K_MAJOR,2,0.000161068,3.94942e-06,1
gemm,noarr-C_SCATTER_I_MAJOR-A_SCATTER_K_MAJOR-B_SCATTER_K_MAJOR,LARGE,FLOAT,C_TILE_J_MAJOR,A_TILE_K_MAJOR,B_TILE_K_MAJOR,2,0.790948,0.042864,1
gemm,noarr-C_SCATTER_J_MAJOR-A_SCATTER_K_MAJOR-B_SCATTER_K_MAJOR,LARGE,FLOAT,C_TILE_J_MAJOR,A_TILE_I_MAJOR,B_TILE_K_MAJOR,2,0.332264,0.00137299,1
gemm,noarr-C_SCATTER_J_MAJOR-A_SCATTER_I_MAJOR-B_SCATTER_K_MAJOR,LARGE,FLOAT,C_TILE_I_MAJOR,A_TILE_K_MAJOR,B_TILE_J_MAJOR,2,0.715129,0.00606202,1
gemm,noarr-C_SCATTER_I_MAJOR-A_SCATTER_I_MAJOR-B_SCATTER_K_MAJOR,LARGE,FLOAT,C_TILE_J_MAJOR,A_TILE_I_MAJOR,B_TILE_J_MAJOR,2,0.295344,0.000740382,1
gemm,noarr-C_SCATTER_I_MAJOR-A_SCATTER_K_MAJOR-B_SCATTER_J_MAJOR,SMALL,FLOAT,C_TILE_J_MAJOR,A_TILE_I_MAJOR,B_TILE_K_MAJOR,2,0.000639683,5.66864e-06,1
gemm,noarr-C_SCATTER_I_MAJOR-A_SCATTER_K_MAJOR-B_SCATTER_K_MAJOR,LARGE,FLOAT,C_TILE_I_MAJOR,A_TILE_I_MAJOR,B_TILE_J_MAJOR,2,0.31307,0.00124511,1
gemm,noarr-C_SCATTER_I_MAJOR-A_SCATTER_K_MAJOR-B_SCATTER_J_MAJOR,LARGE,FLOAT,C_TILE_J_MAJOR,A_TILE_K_MAJOR,B_TILE_J_MAJOR,2,0.749332,0.0383725,1
gemm,noarr-C_SCATTER_J_MAJOR-A_SCATTER_K_MAJOR-B_SCATTER_J_MAJOR,LARGE,FLOAT,C_TILE_I_MAJOR,A_TILE_K_MAJOR,B_TILE_J_MAJOR,2,0.73874,0.0150717,1
gemm,noarr-C_SCATTER_I_MAJOR-A_SCATTER_K_MAJOR-B_SCATTER_K_MAJOR,SMALL,FLOAT,C_TILE_I_MAJOR,A_TILE_I_MAJOR,B_TILE_K_MAJOR,2,0.000458117,7.55558e-06,1
gemm,noarr-C_SCATTER_I_MAJOR-A_SCATTER_K_MAJOR-B_SCATTER_K_MAJOR,MEDIUM,FLOAT,C_TILE_J_MAJOR,A_TILE_K_MAJOR,B_TILE_K_MAJOR,2,0.00726987,3.15311e-05,1
gemm,noarr-C_SCATTER_J_MAJOR-A_SCATTER_K_MAJOR-B_SCATTER_K_MAJOR,MINI,FLOAT,C_TILE_J_MAJOR,A_TILE_I_MAJOR,B_TILE_J_MAJOR,2,0.000168782,3.22581e-06,1
gemm,noarr-C_SCATTER_J_MAJOR-A_SCATTER_I_MAJOR-B_SCATTER_K_MAJOR,SMALL,FLOAT,C_TILE_I_MAJOR,A_TILE_K_MAJOR,B_TILE_J_MAJOR,2,0.000443418,1.05862e-05,1
gemm,noarr-C_SCATTER_J_MAJOR-A_SCATTER_I_MAJOR-B_SCATTER_J_MAJOR,MINI,FLOAT,C_TILE_I_MAJOR,A_TILE_I_MAJOR,B_TILE_K_MAJOR,2,0.000140077,2.78117e-05,1
gemm,noarr-C_SCATTER_I_MAJOR-A_SCATTER_K_MAJOR-B_SCATTER_J_MAJOR,MEDIUM,FLOAT,C_TILE_J_MAJOR,A_TILE_I_MAJOR,B_TILE_J_MAJOR,2,0.00793796,0.000522735,1
gemm,noarr-C_SCATTER_I_MAJOR-A_SCATTER_I_MAJOR-B_SCATTER_J_MAJOR,LARGE,FLOAT,C_TILE_I_MAJOR,A_TILE_K_MAJOR,B_TILE_K_MAJOR,2,0.766855,0.0028524,1
gemm,noarr-C_SCATTER_J_MAJOR-A_SCATTER_K_MAJOR-B_SCATTER_K_MAJOR,MEDIUM,FLOAT,C_TILE_J_MAJOR,A_TILE_K_MAJOR,B_TILE_J_MAJOR,2,0.00813874,0.000460379,1
gemm,noarr-C_SCATTER_J_MAJOR-A_SCATTER_I_MAJOR-B_SCATTER_K_MAJOR,LARGE,FLOAT,C_TILE_I_MAJOR,A_TILE_K_MAJOR,B_TILE_K_MAJOR,2,0.758483,0.00338771,1
gemm,noarr-C_SCATTER_J_MAJOR-A_SCATTER_I_MAJOR-B_SCATTER_J_MAJOR,MINI,FLOAT,C_TILE_J_MAJOR,A_TILE_K_MAJOR,B_TILE_J_MAJOR,2,0.000125986,4.44074e-06,1
gemm,noarr-C_SCATTER_J_MAJOR-A_SCATTER_K_MAJOR-B_SCATTER_K_MAJOR,SMALL,FLOAT,C_TILE_J_MAJOR,A_TILE_K_MAJOR,B_TILE_K_MAJOR,2,0.00055516,6.21051e-05,1
gemm,noarr-C_SCATTER_J_MAJOR-A_SCATTER_I_MAJOR-B_SCATTER_J_MAJOR,SMALL,FLOAT,C_TILE_I_MAJOR,A_TILE_I_MAJOR,B_TILE_J_MAJOR,2,0.000583937,9.83215e-06,1
gemm,noarr-C_SCATTER_J_MAJOR-A_SCATTER_I_MAJOR-B_SCATTER_K_MAJOR,LARGE,FLOAT,C_TILE_J_MAJOR,A_TILE_I_MAJOR,B_TILE_K_MAJOR,2,0.309219,0.00128098,1
gemm,noarr-C_SCATTER_J_MAJOR-A_SCATTER_K_MAJOR-B_SCATTER_J_MAJOR,SMALL,FLOAT,C_TILE_I_MAJOR,A_TILE_I_MAJOR,B_TILE_J_MAJOR,2,0.000714547,1.04562e-05,1
gemm,noarr-C_SCATTER_I_MAJOR-A_SCATTER_I_MAJOR-B_SCATTER_J_MAJOR,SMALL,FLOAT,C_TILE_J_MAJOR,A_TILE_K_MAJOR,B_TILE_K_MAJOR,2,0.000583851,0.000126293,1
gemm,noarr-C_SCATTER_I_MAJOR-A_SCATTER_I_MAJOR-B_SCATTER_J_MAJOR,MINI,FLOAT,C_TILE_J_MAJOR,A_TILE_K_MAJOR,B_TILE_J_MAJOR,2,0.000101342,3.0676e-06,1
gemm,noarr-C_SCATTER_J_MAJOR-A_SCATTER_K_MAJOR-B_SCATTER_K_MAJOR,LARGE,FLOAT,C_TILE_I_MAJOR,A_TILE_K_MAJOR,B_TILE_K_MAJOR,2,0.773466,0.00759379,1
gemm,noarr-C_SCATTER_I_MAJOR-A_SCATTER_K_MAJOR-B_SCATTER_J_MAJOR,MINI,FLOAT,C_TILE_I_MAJOR,A_TILE_K_MAJOR,B_TILE_K_MAJOR,2,0.000165191,3.97213e-06,1
gemm,noarr-C_SCATTER_J_MAJOR-A_SCATTER_K_MAJOR-B_SCATTER_J_MAJOR,LARGE,FLOAT,C_TILE_J_MAJOR,A_TILE_K_MAJOR,B_TILE_J_MAJOR,2,0.747589,0.0319242,1
gemm,noarr-C_SCATTER_J_MAJOR-A_SCATTER_I_MAJOR-B_SCATTER_K_MAJOR,SMALL,FLOAT,C_TILE_J_MAJOR,A_TILE_I_MAJOR,B_TILE_J_MAJOR,2,0.000428093,6.64001e-06,1
gemm,noarr-C_SCATTER_I_MAJOR-A_SCATTER_K_MAJOR-B_SCATTER_J_MAJOR,LARGE,FLOAT,C_TILE_I_MAJOR,A_TILE_K_MAJOR,B_TILE_J_MAJOR,2,0.736537,0.031524,1
gemm,noarr-C_SCATTER_J_MAJOR-A_SCATTER_K_MAJOR-B_SCATTER_K_MAJOR,MEDIUM,FLOAT,C_TILE_I_MAJOR,A_TILE_K_MAJOR,B_TILE_J_MAJOR,2,0.00817936,0.000469656,1
gemm,noarr-C_SCATTER_J_MAJOR-A_SCATTER_I_MAJOR-B_SCATTER_K_MAJOR,MINI,FLOAT,C_TILE_J_MAJOR,A_TILE_I_MAJOR,B_TILE_J_MAJOR,2,0.000110558,1.85085e-05,1
gemm,noarr-C_SCATTER_I_MAJOR-A_SCATTER_K_MAJOR-B_SCATTER_K_MAJOR,LARGE,FLOAT,C_TILE_J_MAJOR,A_TILE_K_MAJOR,B_TILE_J_MAJOR,2,0.759989,0.069176,1
gemm,noarr-C_SCATTER_I_MAJOR-A_SCATTER_K_MAJOR-B_SCATTER_K_MAJOR,SMALL,FLOAT,C_TILE_I_MAJOR,A_TILE_I_MAJOR,B_TILE_J_MAJOR,2,0.000488465,1.68724e-05,1
gemm,noarr-C_SCATTER_J_MAJOR-A_SCATTER_K_MAJOR-B_SCATTER_K_MAJOR,MEDIUM,FLOAT,C_TILE_I_MAJOR,A_TILE_K_MAJOR,B_TILE_K_MAJOR,2,0.00821889,0.000460361,1
gemm,noarr-C_SCATTER_I_MAJOR-A_SCATTER_I_MAJOR-B_SCATTER_K_MAJOR,MINI,FLOAT,C_TILE_I_MAJOR,A_TILE_K_MAJOR,B_TILE_J_MAJOR,2,8.07271e-05,1.83485e-06,1
gemm,noarr-C_SCATTER_I_MAJOR-A_SCATTER_K_MAJOR-B_SCATTER_J_MAJOR,MEDIUM,FLOAT,C_TILE_J_MAJOR,A_TILE_K_MAJOR,B_TILE_K_MAJOR,2,0.00800122,0.000461164,1
gemm,noarr-C_SCATTER_J_MAJOR-A_SCATTER_I_MAJOR-B_SCATTER_K_MAJOR,MINI,FLOAT,C_TILE_I_MAJOR,A_TILE_I_MAJOR,B_TILE_K_MAJOR,2,0.000111581,2.09516e-05,1
gemm,noarr-C_SCATTER_I_MAJOR-A_SCATTER_K_MAJOR-B_SCATTER_J_MAJOR,SMALL,FLOAT,C_TILE_J_MAJOR,A_TILE_K_MAJOR,B_TILE_J_MAJOR,2,0.000622179,1.17633e-05,1
gemm,noarr-C_SCATTER_J_MAJOR-A_SCATTER_K_MAJOR-B_SCATTER_J_MAJOR,MINI,FLOAT,C_TILE_J_MAJOR,A_TILE_I_MAJOR,B_TILE_K_MAJOR,2,0.00019149,3.44477e-06,1
gemm,noarr-C_SCATTER_I_MAJOR-A_SCATTER_I_MAJOR-B_SCATTER_K_MAJOR,LARGE,FLOAT,C_TILE_I_MAJOR,A_TILE_K_MAJOR,B_TILE_K_MAJOR,2,0.756693,0.00662224,1
gemm,noarr-C_SCATTER_I_MAJOR-A_SCATTER_K_MAJOR-B_SCATTER_K_MAJOR,LARGE,FLOAT,C_TILE_I_MAJOR,A_TILE_K_MAJOR,B_TILE_J_MAJOR,2,0.725644,0.0115682,1
gemm,noarr-C_SCATTER_I_MAJOR-A_SCATTER_I_MAJOR-B_SCATTER_K_MAJOR,MEDIUM,FLOAT,C_TILE_J_MAJOR,A_TILE_K_MAJOR,B_TILE_K_MAJOR,2,0.00621121,0.000115572,1
gemm,noarr-C_SCATTER_J_MAJOR-A_SCATTER_K_MAJOR-B_SCATTER_K_MAJOR,MEDIUM,FLOAT,C_TILE_I_MAJOR,A_TILE_I_MAJOR,B_TILE_K_MAJOR,2,0.0081943,0.000445968,1
gemm,noarr-C_SCATTER_J_MAJOR-A_SCATTER_I_MAJOR-B_SCATTER_J_MAJOR,MINI,FLOAT,C_TILE_J_MAJOR,A_TILE_I_MAJOR,B_TILE_J_MAJOR,2,0.00012382,2.98265e-06,1
gemm,noarr-C_SCATTER_I_MAJOR-A_SCATTER_I_MAJOR-B_SCATTER_J_MAJOR,SMALL,FLOAT,C_TILE_J_MAJOR,A_TILE_K_MAJOR,B_TILE_J_MAJOR,2,0.000499784,2.05974e-05,1
gemm,noarr-C_SCATTER_I_MAJOR-A_SCATTER_K_MAJOR-B_SCATTER_K_MAJOR,SMALL,FLOAT,C_TILE_J_MAJOR,A_TILE_I_MAJOR,B_TILE_K_MAJOR,2,0.000477061,4.24369e-05,1
gemm,noarr-C_SCATTER_J_MAJOR-A_SCATTER_K_MAJOR-B_SCATTER_K_MAJOR,SMALL,FLOAT,C_TILE_I_MAJOR,A_TILE_I_MAJOR,B_TILE_J_MAJOR,2,0.000567599,9.23638e-06,1
gemm,noarr-C_SCATTER_J_MAJOR-A_SCATTER_K_MAJOR-B_SCATTER_J_MAJOR,MEDIUM,FLOAT,C_TILE_J_MAJOR,A_TILE_I_MAJOR,B_TILE_J_MAJOR,2,0.00875523,0.000454919,1
gemm,noarr-C_SCATTER_J_MAJOR-A_SCATTER_I_MAJOR-B_SCATTER_J_MAJOR,SMALL,FLOAT,C_TILE_J_MAJOR,A_TILE_I_MAJOR,B_TILE_J_MAJOR,2,0.000580506,3.34187e-06,1
gemm,noarr-C_SCATTER_J_MAJOR-A_SCATTER_K_MAJOR-B_SCATTER_K_MAJOR,MEDIUM,FLOAT,C_TILE_J_MAJOR,A_TILE_I_MAJOR,B_TILE_K_MAJOR,2,0.00817485,0.000447562,1
gemm,noarr-C_SCATTER_J_MAJOR-A_SCATTER_I_MAJOR-B_SCATTER_K_MAJOR,MINI,FLOAT,C_TILE_I_MAJOR,A_TILE_K_MAJOR,B_TILE_K_MAJOR,2,0.00010487,3.62516e-06,1
gemm,noarr-C_SCATTER_J_MAJOR-A_SCATTER_K_MAJOR-B_SCATTER_J_MAJOR,LARGE,FLOAT,C_TILE_I_MAJOR,A_TILE_K_MAJOR,B_TILE_K_MAJOR,2,0.784369,0.00679793,1
gemm,noarr-C_SCATTER_I_MAJOR-A_SCATTER_I_MAJOR-B_SCATTER_J_MAJOR,MEDIUM,FLOAT,C_TILE_I_MAJOR,A_TILE_I_MAJOR,B_TILE_J_MAJOR,2,0.00665696,0.00046101,1
gemm,noarr-C_SCATTER_I_MAJOR-A_SCATTER_K_MAJOR-B_SCATTER_K_MAJOR,SMALL,FLOAT,C_TILE_J_MAJOR,A_TILE_K_MAJOR,B_TILE_J_MAJOR,2,0.000507918,7.06745e-05,1
gemm,noarr-C_SCATTER_I_MAJOR-A_SCATTER_I_MAJOR-B_SCATTER_J_MAJOR,LARGE,FLOAT,C_TILE_I_MAJOR,A_TILE_I_MAJOR,B_TILE_J_MAJOR,2,0.298828,0.00132603,1
gemm,noarr-C_SCATTER_J_MAJOR-A_SCATTER_K_MAJOR-B_SCATTER_K_MAJOR,LARGE,FLOAT,C_TILE_J_MAJOR,A_TILE_K_MAJOR,B_TILE_J_MAJOR,2,0.822779,0.0512064,1
gemm,noarr-C_SCATTER_J_MAJOR-A_SCATTER_K_MAJOR-B_SCATTER_J_MAJOR,SMALL,FLOAT,C_TILE_I_MAJOR,A_TILE_K_MAJOR,B_TILE_J_MAJOR,2,0.000715071,1.16699e-05,1
gemm,noarr-C_SCATTER_I_MAJOR-A_SCATTER_K_MAJOR-B_SCATTER_K_MAJOR,MINI,FLOAT,C_TILE_I_MAJOR,A_TILE_K_MAJOR,B_TILE_K_MAJOR,2,0.000138853,1.69642e-05,1
gemm,noarr-C_SCATTER_J_MAJOR-A_SCATTER_I_MAJOR-B_SCATTER_K_MAJOR,SMALL,FLOAT,C_TILE_J_MAJOR,A_TILE_K_MAJOR,B_TILE_J_MAJOR,2,0.000438167,2.08273e-05,1
gemm,noarr-C_SCATTER_J_MAJOR-A_SCATTER_K_MAJOR-B_SCATTER_J_MAJOR,MINI,FLOAT,C_TILE_I_MAJOR,A_TILE_I_MAJOR,B_TILE_K_MAJOR,2,0.000205839,2.5425e-05,1
gemm,noarr-C_SCATTER_I_MAJOR-A_SCATTER_K_MAJOR-B_SCATTER_J_MAJOR,MINI,FLOAT,C_TILE_J_MAJOR,A_TILE_K_MAJOR,B_TILE_J_MAJOR,2,0.000164118,3.98325e-06,1
gemm,noarr-C_SCATTER_J_MAJOR-A_SCATTER_K_MAJOR-B_SCATTER_J_MAJOR,MEDIUM,FLOAT,C_TILE_I_MAJOR,A_TILE_I_MAJOR,B_TILE_K_MAJOR,2,0.00885902,0.00045374,1
gemm,noarr-C_SCATTER_J_MAJOR-A_SCATTER_I_MAJOR-B_SCATTER_K_MAJOR,MINI,FLOAT,C_TILE_I_MAJOR,A_TILE_K_MAJOR,B_TILE_J_MAJOR,2,0.000111715,5.83143e-06,1
gemm,noarr-C_SCATTER_I_MAJOR-A_SCATTER_K_MAJOR-B_SCATTER_J_MAJOR,SMALL,FLOAT,C_TILE_I_MAJOR,A_TILE_K_MAJOR,B_TILE_K_MAJOR,2,0.000623308,5.75559e-06,1
gemm,noarr-C_SCATTER_J_MAJOR-A_SCATTER_I_MAJOR-B_SCATTER_J_MAJOR,MINI,FLOAT,C_TILE_J_MAJOR,A_TILE_I_MAJOR,B_TILE_K_MAJOR,2,0.000124406,2.23707e-06,1
gemm,noarr-C_SCATTER_J_MAJOR-A_SCATTER_I_MAJOR-B_SCATTER_K_MAJOR,MINI,FLOAT,C_TILE_J_MAJOR,A_TILE_K_MAJOR,B_TILE_J_MAJOR,2,0.000106773,2.72077e-06,1
gemm,noarr-C_SCATTER_J_MAJOR-A_SCATTER_I_MAJOR-B_SCATTER_J_MAJOR,SMALL,FLOAT,C_TILE_J_MAJOR,A_TILE_I_MAJOR,B_TILE_K_MAJOR,2,0.000584132,6.65291e-06,1
gemm,noarr-C_SCATTER_I_MAJOR-A_SCATTER_K_MAJOR-B_SCATTER_J_MAJOR,MEDIUM,FLOAT,C_TILE_J_MAJOR,A_TILE_I_MAJOR,B_TILE_K_MAJOR,2,0.00787393,4.68276e-05,1
gemm,noarr-C_SCATTER_J_MAJOR-A_SCATTER_I_MAJOR-B_SCATTER_K_MAJOR,LARGE,FLOAT,C_TILE_J_MAJOR,A_TILE_K_MAJOR,B_TILE_J_MAJOR,2,0.720934,0.012816,1
gemm,noarr-C_SCATTER_I_MAJOR-A_SCATTER_I_MAJOR-B_SCATTER_J_MAJOR,SMALL,FLOAT,C_TILE_I_MAJOR,A_TILE_I_MAJOR,B_TILE_J_MAJOR,2,0.000497645,5.03902e-05,1
gemm,noarr-C_SCATTER_I_MAJOR-A_SCATTER_I_MAJOR-B_SCATTER_K_MAJOR,SMALL,FLOAT,C_TILE_I_MAJOR,A_TILE_K_MAJOR,B_TILE_K_MAJOR,2,0.000349691,6.8063e-05,1
gemm,noarr-C_SCATTER_I_MAJOR-A_SCATTER_I_MAJOR-B_SCATTER_K_MAJOR,LARGE,FLOAT,C_TILE_J_MAJOR,A_TILE_K_MAJOR,B_TILE_K_MAJOR,2,0.767861,0.0132099,1
gemm,noarr-C_SCATTER_J_MAJOR-A_SCATTER_I_MAJOR-B_SCATTER_K_MAJOR,MEDIUM,FLOAT,C_TILE_I_MAJOR,A_TILE_I_MAJOR,B_TILE_K_MAJOR,2,0.00689818,0.000451678,1
gemm,noarr-C_SCATTER_J_MAJOR-A_SCATTER_K_MAJOR-B_SCATTER_J_MAJOR,LARGE,FLOAT,C_TILE_J_MAJOR,A_TILE_I_MAJOR,B_TILE_J_MAJOR,2,0.332244,0.00145802,1
gemm,noarr-C_SCATTER_J_MAJOR-A_SCATTER_I_MAJOR-B_SCATTER_K_MAJOR,LARGE,FLOAT,C_TILE_I_MAJOR,A_TILE_I_MAJOR,B_TILE_K_MAJOR,2,0.309992,0.00135053,1
gemm,noarr-C_SCATTER_I_MAJOR-A_SCATTER_I_MAJOR-B_SCATTER_K_MAJOR,MINI,FLOAT,C_TILE_I_MAJOR,A_TILE_K_MAJOR,B_TILE_K_MAJOR,2,7.5259e-05,1.86876e-06,1
gemm,noarr-C_SCATTER_J_MAJOR-A_SCATTER_I_MAJOR-B_SCATTER_K_MAJOR,MEDIUM,FLOAT,C_TILE_J_MAJOR,A_TILE_K_MAJOR,B_TILE_K_MAJOR,2,0.0070559,0.000456879,1
gemm,noarr-C_SCATTER_J_MAJOR-A_SCATTER_I_MAJOR-B_SCATTER_K_MAJOR,MEDIUM,FLOAT,C_TILE_I_MAJOR,A_TILE_K_MAJOR,B_TILE_K_MAJOR,2,0.00710867,0.000466903,1
gemm,noarr-C_SCATTER_I_MAJOR-A_SCATTER_I_MAJOR-B_SCATTER_J_MAJOR,SMALL,FLOAT,C_TILE_I_MAJOR,A_TILE_I_MAJOR,B_TILE_K_MAJOR,2,0.000497071,5.7549e-06,1
gemm,noarr-C_SCATTER_I_MAJOR-A_SCATTER_K_MAJOR-B_SCATTER_J_MAJOR,LARGE,FLOAT,C_TILE_I_MAJOR,A_TILE_I_MAJOR,B_TILE_K_MAJOR,2,0.335034,0.0010038,1
gemm,noarr-C_SCATTER_I_MAJOR-A_SCATTER_I_MAJOR-B_SCATTER_J_MAJOR,LARGE,FLOAT,C_TILE_J_MAJOR,A_TILE_I_MAJOR,B_TILE_K_MAJOR,2,0.316141,0.00130834,1
gemm,noarr-C_SCATTER_I_MAJOR-A_SCATTER_I_MAJOR-B_SCATTER_K_MAJOR,LARGE,FLOAT,C_TILE_I_MAJOR,A_TILE_I_MAJOR,B_TILE_K_MAJOR,2,0.300478,0.00135149,1
gemm,noarr-C_SCATTER_J_MAJOR-A_SCATTER_I_MAJOR-B_SCATTER_J_MAJOR,SMALL,FLOAT,C_TILE_I_MAJOR,A_TILE_K_MAJOR,B_TILE_J_MAJOR,2,0.000588353,4.80839e-06,1
gemm,noarr-C_SCATTER_I_MAJOR-A_SCATTER_K_MAJOR-B_SCATTER_K_MAJOR,LARGE,FLOAT,C_TILE_J_MAJOR,A_TILE_I_MAJOR,B_TILE_K_MAJOR,2,0.328499,0.00194533,1
gemm,noarr-C_SCATTER_I_MAJOR-A_SCATTER_K_MAJOR-B_SCATTER_K_MAJOR,MEDIUM,FLOAT,C_TILE_I_MAJOR,A_TILE_K_MAJOR,B_TILE_J_MAJOR,2,0.00720607,0.000111105,1
gemm,noarr-C_SCATTER_I_MAJOR-A_SCATTER_I_MAJOR-B_SCATTER_K_MAJOR,MEDIUM,FLOAT,C_TILE_I_MAJOR,A_TILE_K_MAJOR,B_TILE_K_MAJOR,2,0.00611861,8.55385e-05,1
gemm,noarr-C_SCATTER_I_MAJOR-A_SCATTER_I_MAJOR-B_SCATTER_K_MAJOR,MINI,FLOAT,C_TILE_I_MAJOR,A_TILE_I_MAJOR,B_TILE_J_MAJOR,2,7.7421e-05,6.69911e-06,1
gemm,noarr-C_SCATTER_I_MAJOR-A_SCATTER_I_MAJOR-B_SCATTER_K_MAJOR,LARGE,FLOAT,C_TILE_J_MAJOR,A_TILE_I_MAJOR,B_TILE_K_MAJOR,2,0.304229,0.00103615,1
gemm,noarr-C_SCATTER_I_MAJOR-A_SCATTER_K_MAJOR-B_SCATTER_J_MAJOR,MEDIUM,FLOAT,C_TILE_I_MAJOR,A_TILE_I_MAJOR,B_TILE_K_MAJOR,2,0.00799059,0.000454248,1
gemm,noarr-C_SCATTER_I_MAJOR-A_SCATTER_K_MAJOR-B_SCATTER_J_MAJOR,MINI,FLOAT,C_TILE_I_MAJOR,A_TILE_I_MAJOR,B_TILE_K_MAJOR,2,0.00017489,1.80013e-05,1
gemm,noarr-C_SCATTER_I_MAJOR-A_SCATTER_I_MAJOR-B_SCATTER_J_MAJOR,MEDIUM,FLOAT,C_TILE_J_MAJOR,A_TILE_K_MAJOR,B_TILE_J_MAJOR,2,0.00679029,0.000452594,1
gemm,noarr-C_SCATTER_I_MAJOR-A_SCATTER_I_MAJOR-B_SCATTER_K_MAJOR,SMALL,FLOAT,C_TILE_I_MAJOR,A_TILE_I_MAJOR,B_TILE_K_MAJOR,2,0.000332246,2.30247e-05,1
gemm,noarr-C_SCATTER_I_MAJOR-A_SCATTER_I_MAJOR-B_SCATTER_J_MAJOR,SMALL,FLOAT,C_TILE_J_MAJOR,A_TILE_I_MAJOR,B_TILE_K_MAJOR,2,0.000516237,2.90219e-05,1
gemm,noarr-C_SCATTER_I_MAJOR-A_SCATTER_I_MAJOR-B_SCATTER_K_MAJOR,LARGE,FLOAT,C_TILE_I_MAJOR,A_TILE_I_MAJOR,B_TILE_J_MAJOR,2,0.289592,0.000972452,1
gemm,noarr-C_SCATTER_I_MAJOR-A_SCATTER_I_MAJOR-B_SCATTER_J_MAJOR,SMALL,FLOAT,C_TILE_J_MAJOR,A_TILE_I_MAJOR,B_TILE_J_MAJOR,2,0.000492839,7.14385e-06,1
gemm,noarr-C_SCATTER_I_MAJOR-A_SCATTER_I_MAJOR-B_SCATTER_J_MAJOR,MEDIUM,FLOAT,C_TILE_J_MAJOR,A_TILE_I_MAJOR,B_TILE_J_MAJOR,2,0.00664209,0.000457269,1
gemm,noarr-C_SCATTER_J_MAJOR-A_SCATTER_K_MAJOR-B_SCATTER_K_MAJOR,MEDIUM,FLOAT,C_TILE_I_MAJOR,A_TILE_I_MAJOR,B_TILE_J_MAJOR,2,0.00825361,0.000529997,1
gemm,noarr-C_SCATTER_J_MAJOR-A_SCATTER_I_MAJOR-B_SCATTER_J_MAJOR,SMALL,FLOAT,C_TILE_J_MAJOR,A_TILE_K_MAJOR,B_TILE_J_MAJOR,2,0.000598992,5.18409e-05,1
gemm,noarr-C_SCATTER_I_MAJOR-A_SCATTER_K_MAJOR-B_SCATTER_K_MAJOR,MINI,FLOAT,C_TILE_I_MAJOR,A_TILE_I_MAJOR,B_TILE_J_MAJOR,2,0.000147239,1.47208e-05,1
gemm,noarr-C_SCATTER_J_MAJOR-A_SCATTER_I_MAJOR-B_SCATTER_J_MAJOR,MEDIUM,FLOAT,C_TILE_J_MAJOR,A_TILE_I_MAJOR,B_TILE_J_MAJOR,2,0.00747633,0.000448442,1
gemm,noarr-C_SCATTER_J_MAJOR-A_SCATTER_K_MAJOR-B_SCATTER_J_MAJOR,SMALL,FLOAT,C_TILE_J_MAJOR,A_TILE_K_MAJOR,B_TILE_J_MAJOR,2,0.000723574,4.77353e-05,1
gemm,noarr-C_SCATTER_I_MAJOR-A_SCATTER_I_MAJOR-B_SCATTER_J_MAJOR,MEDIUM,FLOAT,C_TILE_I_MAJOR,A_TILE_I_MAJOR,B_TILE_K_MAJOR,2,0.00669196,0.000448057,1
gemm,noarr-C_SCATTER_J_MAJOR-A_SCATTER_I_MAJOR-B_SCATTER_J_MAJOR,LARGE,FLOAT,C_TILE_I_MAJOR,A_TILE_I_MAJOR,B_TILE_K_MAJOR,2,0.319628,0.00166649,1
gemm,noarr-C_SCATTER_J_MAJOR-A_SCATTER_K_MAJOR-B_SCATTER_K_MAJOR,SMALL,FLOAT,C_TILE_J_MAJOR,A_TILE_I_MAJOR,B_TILE_K_MAJOR,2,0.000544344,3.57485e-06,1
gemm,noarr-C_SCATTER_J_MAJOR-A_SCATTER_I_MAJOR-B_SCATTER_K_MAJOR,SMALL,FLOAT,C_TILE_I_MAJOR,A_TILE_I_MAJOR,B_TILE_K_MAJOR,2,0.000418147,1.18223e-05,1
gemm,noarr-C_SCATTER_I_MAJOR-A_SCATTER_I_MAJOR-B_SCATTER_J_MAJOR,SMALL,FLOAT,C_TILE_I_MAJOR,A_TILE_K_MAJOR,B_TILE_K_MAJOR,2,0.000499872,1.04222e-05,1
gemm,noarr-C_SCATTER_J_MAJOR-A_SCATTER_K_MAJOR-B_SCATTER_K_MAJOR,MINI,FLOAT,C_TILE_I_MAJOR,A_TILE_I_MAJOR,B_TILE_K_MAJOR,2,0.000165335,2.92451e-06,1
gemm,noarr-C_SCATTER_J_MAJOR-A_SCATTER_I_MAJOR-B_SCATTER_K_MAJOR,SMALL,FLOAT,C_TILE_I_MAJOR,A_TILE_K_MAJOR,B_TILE_K_MAJOR,2,0.00043077,6.87645e-05,1
gemm,noarr-C_SCATTER_I_MAJOR-A_SCATTER_I_MAJOR-B_SCATTER_J_MAJOR,MINI,FLOAT,C_TILE_I_MAJOR,A_TILE_I_MAJOR,B_TILE_K_MAJOR,2,0.00010098,3.77915e-06,1
gemm,noarr-C_SCATTER_J_MAJOR-A_SCATTER_I_MAJOR-B_SCATTER_K_MAJOR,MEDIUM,FLOAT,C_TILE_J_MAJOR,A_TILE_K_MAJOR,B_TILE_J_MAJOR,2,0.00704062,0.000452402,1
gemm,noarr-C_SCATTER_J_MAJOR-A_SCATTER_I_MAJOR-B_SCATTER_K_MAJOR,MEDIUM,FLOAT,C_TILE_J_MAJOR,A_TILE_I_MAJOR,B_TILE_K_MAJOR,2,0.00690577,0.000458608,1
gemm,noarr-C_SCATTER_J_MAJOR-A_SCATTER_K_MAJOR-B_SCATTER_K_MAJOR,SMALL,FLOAT,C_TILE_I_MAJOR,A_TILE_I_MAJOR,B_TILE_K_MAJOR,2,0.000567812,7.84704e-05,1
gemm,noarr-C_SCATTER_J_MAJOR-A_SCATTER_I_MAJOR-B_SCATTER_J_MAJOR,SMALL,FLOAT,C_TILE_J_MAJOR,A_TILE_K_MAJOR,B_TILE_K_MAJOR,2,0.000587447,8.71198e-06,1
gemm,noarr-C_SCATTER_J_MAJOR-A_SCATTER_K_MAJOR-B_SCATTER_J_MAJOR,MEDIUM,FLOAT,C_TILE_J_MAJOR,A_TILE_K_MAJOR,B_TILE_J_MAJOR,2,0.00869543,0.000454362,1
gemm,noarr-C_SCATTER_I_MAJOR-A_SCATTER_I_MAJOR-B_SCATTER_J_MAJOR,LARGE,FLOAT,C_TILE_I_MAJOR,A_TILE_K_MAJOR,B_TILE_J_MAJOR,2,0.713765,0.0030825,1
gemm,noarr-C_SCATTER_J_MAJOR-A_SCATTER_K_MAJOR-B_SCATTER_K_MAJOR,LARGE,FLOAT,C_TILE_I_MAJOR,A_TILE_I_MAJOR,B_TILE_K_MAJOR,2,0.331961,0.0016913,1
gemm,noarr-C_SCATTER_J_MAJOR-A_SCATTER_K_MAJOR-B_SCATTER_K_MAJOR,LARGE,FLOAT,C_TILE_J_MAJOR,A_TILE_K_MAJOR,B_TILE_K_MAJOR,2,0.802187,0.0754341,1
